{"cameraMode":{"drawMode":0,"name":"Shaded","section":"Shading Mode"},"sceneLighting":true,"audioPlay":false,"sceneViewState":{"m_AlwaysRefresh":false,"showFog":true,"showSkybox":true,"showFlares":true,"showImageEffects":true,"showParticleSystems":true,"showVisualEffectGraphs":true,"m_FxEnabled":true},"in2DMode":false,"pivot":{"x":8.421509742736817,"y":-0.23179228603839875,"z":-1.03348708152771},"rotation":{"x":0.030150681734085084,"y":0.9644659161567688,"z":-0.12082816660404206,"w":0.2346106618642807},"size":3.5660250186920168,"orthographic":false}